IDX, 이름, 이메일, 가입일자
1,이순신,leesoonshin@naver.com,2022-07-04
2,김재광,kimjeagwang@naver.com,2022-07-04
3,이수영,kimjeagwang@naver.com,2022-07-04
4,김좌진,kimjeagwang@naver.com,2022-07-04
5,이영석,kimjeagwang@naver.com,2022-07-04
6,이승만,kimjeagwang@naver.com,2022-07-04
7,류관순,ryugwansoon@naver.com,2022-07-04
8,황재용,hwangjeayoung@naver.com,2022-07-04
9,이철수,leechulsoo@gmail.com,2022-07-06
10,신사임당,shinsaimdang@naver.com,2022-07-07
11,이성계,leesunggea@gmail.com,2022-07-07
12,문익점,mooneikjum@gmail.com,2022-07-07
13,영종,youngjong@yahoo.com,2022-07-07
14,나한일,nahanil@yahoo.com,2022-07-07
15,이방원,leebangwon@gmail.com,2022-07-07
16,세종대왕,seajongdaewang@gmail.com,2022-07-07
17,선덕여왕,sunduckking@gmail.com,2022-07-07
18,김대중,kimdaejoong@gmail.com,2022-07-07
19,을지문덕,euljimoondeuck@gmail.com,2022-07-07
20,조지현,chojeehyung@gmail.com,2022-07-07
21,안중근,ahanjoonggeun@yahoo.com,2022-07-07
22,박정희,parkjunghee@yahoo.com,2022-07-07
23,조지부시,chojeebooshee@yahoo.com,2022-07-07
24,장성,jangsung@yahoo.com,2022-07-07
25,김성은,kimsungeun@yahoo..com,2022-07-07
26,이보은,leeboeun@gmail.com,2022-07-07
27,차분희,chaboonhee@yahoo.com,2022-07-07
28,김정은,kimjungeun@yahoo.com,2022-07-07
29,이은지,leeeunjee@gmail.com,2022-07-07
30,정지연,jungjeeyoun@gmailcom,2022-07-07
31,정락선,jungraksun@naver.com,2022-07-07
32,,,2022-07-07
33,박태준,parkteajoon@yahoo.com,2022-07-07
34,,,2022-07-07
35,이정은,leejungeun@gmail.com,2022-07-07
36,김수정,kimsoojung@naver.com,2022-07-07
37,박희성,parkheesung@yahoo.com,2022-07-07
38,김은정,kimeunjung@gmail.com,2022-07-07
39,김수연,kimsooyoun@yahoo.com,2022-07-07
40,이효리,leehoyri@naver.com,2022-07-07
41,최지혜,choijihea@naver.com,2022-07-08
42,김민지,kimminjee@yahoo.com,2022-07-08
43,이효리,leehoyri@gmail.com,2022-07-08
44,이재은,leejeaeun@naver.com,2022-07-08
45,김수영,kimsooyoung@gmail.com,2022-07-08
46,김은정,kimeunjung@gmail.com,2022-07-08
47,김도하,kimdoha@gmail.com,2022-07-08
48,박세빈,parksebin@gmail.com,2022-07-08
49,염가빈,yumgabin@gmail.com,2022-07-08
50,윤규철,youngyuchul@naver.com,2022-07-08
51,이해리,leehearee@gmail.com,2022-07-08
52,이해리,leehearee@gmail.com,2022-07-08
53,조세인,joseain@yahoo.com,2022-07-08
54,이준석,leejoonsuk@gmail.com,2022-07-08
55,정도영,jungdoyoung@naver.com,2022-07-08
56,이소령,leesoryung@gmail.com,2022-07-08
57,최배달,choibaedal@naver.com,2022-07-08
58,홍금보,honggumbo@gmail.com,2022-07-08
59,역도산,yunkdosan@gmail.com,2022-07-08
60,이민지,leeminjee@naver.com,2022-07-08
61,이소라,leesora@naver.com,2022-07-08
62,이영자,leeyoungja@naver.com,2022-07-08
63,박노식,parknoshick@yahoo.com,2022-07-08
64,조용희,joyonghee@gmail.com,2022-07-08
65,이도령,leedoryung@naver.com,2022-07-08
66,정주영,jungjooyoung@naver.com,2022-07-08
67,나누리,nanuri@naver.com,2022-07-08
68,이혁재,leehyuckjea@naver.com,2022-07-08
69,이혁재,leehyuckjea@naver.com,2022-07-08
70,정찬희,jungchanhee@naver.com,2022-07-08
71,정찬구,jungchangoo@naver.com,2022-07-08
72,이석규,leesukguyu@gmail.com,2022-07-08